Area affected by floods,Area affected by drought,Hailstorm-affected area,Flood damaged area,Drought damaged area,Hail damaged area,SPI3_1,SPI3_2,SPI3_3,SPI3_4,Maize sown area,Year-end mechanical power,Effective irrigated area,fertilizer application,Agricultural plastic film usage,NDVI_mean6,NDVI_mean7,NDVI_mean8,NDVI_mean9,玉米单位面积产量(公斤/公顷)
0.055098498,0.454553846,0.301619794,0.041447974,0.222151293,0.154795124,0.525821596,0.576719577,0,0.33125,0.294705579,0.052555168,0.183294722,0.064504528,0.044478201,0.704712495,0.876123235,0.912497293,0.770627063,0.215827178
0.494263718,0.067384615,0.304556782,0.233699475,0.051771465,0.404024086,0.502347418,0.37037037,0.604651163,0.485416667,0.300245413,0.07597941,0.20676765,0.076127113,0.06054614,0.780155642,0.899229782,0.952350011,0.886138614,0.302046568
0.421729942,0.253630769,0.212086152,0.40663384,0.368305139,0.278895579,0.145539906,0.504409171,0.465116279,0.41875,0.447919431,0.103948556,0.260047172,0.094566319,0.071873578,0.746217034,0.87847668,0.935672515,0.898396983,0.278080387
0.024454676,1,0.065147739,0.009793842,1,0.048024673,0.248826291,0.897707231,0.177589852,0.189583333,0.550041583,0.12179077,0.323375439,0.115817177,0.083616792,0.819498487,0.865853659,0.879792073,0.839933993,0.128958968
0.058570458,0.245692308,0.43503026,0.027704129,0.296840089,0.376266706,0.284037559,0.536155203,0.418604651,0.275,0.521998043,0.141158755,0.359488443,0.124856965,0.090144801,0.873757026,0.954214805,0.946935239,0.864450731,0.364217281
0.591063476,0.749492308,0.472855109,0.431848926,0.608681775,0.358349244,0.396713615,0.677248677,0.733615222,0.41875,0.591723732,0.172979725,0.418894072,0.154510086,0.086743296,0.734327713,0.887462559,0.930257743,0.932578972,0.283540725
0.08170428,0.155630769,0.092648629,0.066663059,0.247526333,0.082684682,0.429577465,0.761904762,0.429175476,0.525,0.645424737,0.200820891,0.517297552,0.180697682,0.1024904,0.822524859,0.931108258,0.941737059,0.888260255,0.433112527
0.086723526,0.108215385,0.456746173,0.036037011,0.093009895,0.433984432,0.708920188,0.119929453,0.319238901,0.314583333,0.703075765,0.230866781,0.613199853,0.202847615,0.122827407,0.825551232,0.953572957,0.951483647,0.948137671,0.514923959
0.130424938,0.184615385,0.161267355,0,0.132875838,0.13746512,0.190140845,0.48324515,0.45243129,0.727083333,0.828410775,0.268686125,0.706250852,0.222202243,0.152295116,0.887808042,0.957424048,0.951050466,0.855256954,0.454900369
1,0,0.054200783,1,0,0.062417389,0.903755869,0.578483245,0.361522199,0.81875,0.892475489,0.293313699,0.824839876,0.229852552,0.154874891,0.974059663,0.93923834,0.930041152,0.858085809,0.521962868
0.192089969,0.009507692,0.204343183,0.144364482,0.010022343,0.229549126,0.957746479,0.329805996,0.528541226,0.479166667,0.911071366,0.318763161,0.817099429,0.241246281,0.151751661,1,0.985237484,0.929824561,0.886138614,0.560735953
0.180202279,0.074476923,0.125667497,0.172339159,0.118448771,0.14407402,0.509389671,0.569664903,0.636363636,0.38125,1,0.342594609,0.864405891,0.246771504,0.147407293,0.920665802,0.962986735,1,0.991513437,0.551150818
0.105517398,0.454615385,0.182983268,0.034359613,0.69141398,0.218974886,0.678403756,0.520282187,0.917547569,0.4,0.886653899,0.358548722,0.948666073,0.24258672,0.145698356,0.886727194,0.957424048,0.972926143,0.932107496,0.591045402
0.069363726,0.153415385,0.284798861,0.05070072,0.04104692,0.267733882,0.669014085,0.41622575,0.399577167,0.508333333,0.796055148,0.37346488,0.969260443,0.240052964,0.136515274,0.957414613,0.979460847,0.993285683,0.925506836,0.663010834
0.395388331,0.352923077,0.33748665,0.379687246,0.078933929,0.348509326,0.267605634,0.55026455,0.374207188,0.8375,0.857988319,0.395976651,0.98783584,0.230964135,0.128857795,0.971897968,0.989302525,0.979423868,0.91631306,0.660063277
0.197083899,0.13684392,0.194642221,0.1620107,0.158464566,0.220884124,0.462441315,0.345679012,0.657505285,0.922916667,0.797664014,0.418782608,1,0.194396312,0.110524369,0.972762646,1,0.986571367,0.970532768,0.75001728
0.038191562,0.363307692,0.067016732,0.029273308,0.285987871,0.018211191,0.758215962,0.608465608,0.101479915,0.45,0.392977069,0,0.039278788,0.08948246,0.012365241,0.679204496,0.801668806,0.836690492,0.858793022,0.645604193
0.135897049,0.062461538,0.204254183,0.135328175,0.07724226,0.215009546,0.535211268,0.259259259,0.78858351,0.595833333,0.37578861,0.012593429,0.043167881,0.055170497,0.011939644,0.780587981,0.861574668,0.883474117,0.813295615,0.701436098
0.048607442,0.107846154,0.18743325,0.033060982,0.197414619,0.241004553,0.246478873,0.446208113,0.530655391,0.316666667,0.390148623,0.020989325,0.047916557,0.069228757,0.024714113,0.692390834,0.807231493,0.861815031,0.864214993,0.831409543
0.007283569,0.444415385,0.084015664,0.008170554,0.608362592,0.062417389,0.35915493,0.818342152,0.040169133,0.491666667,0.390784274,0.029798243,0.048792914,0.081799457,0.03005045,0.647643753,0.79118528,0.819579814,0.818953324,0.630168537
0.017925881,0.071692308,0.050462798,0.014934257,0.052665177,0.070348069,0.211267606,0.412698413,0.528541226,0.472916667,0.404696473,0.039909384,0.051631637,0.097247197,0.039403771,0.784479032,0.849807445,0.890405025,0.876237624,0.843875346
0.012378293,0.375384615,0.16260235,0.007358909,0.469613789,0.201351153,0.20657277,0.619047619,0.515856237,0.135416667,0.410395561,0.056623891,0.058065936,0.114149802,0.045535647,0.728058798,0.815147625,0.852934806,0.882838284,0.582597373
0.139293532,0.053738462,0.097721609,0.142687084,0.071911906,0.103833162,0.58685446,0.795414462,0.43551797,0.89375,0.435644683,0.068579919,0.066871429,0.128240756,0.047408276,0.72719412,0.846598203,0.867446394,0.863507779,0.638056931
0.020378897,0.038769231,0.091046636,0.010389048,0.044557932,0.052724335,0.784037559,0.114638448,0.304439746,0.29375,0.452697028,0.086034873,0.083794748,0.148510805,0.062196148,0.781452659,0.866495507,0.914013429,0.914662895,0.851899747
0.024983018,0.046738462,0.041295835,0.003300687,0.05298436,0.047437215,0.314553991,0.53968254,0.604651163,0.627083333,0.479097674,0.102623063,0.093092929,0.167358682,0.060988106,0.865974924,0.887890458,0.916612519,0.873408769,0.967532279
0.159596951,0,0.169722321,0.11292679,0,0.013364664,0.840375587,0.659611993,0.437632135,0.764583333,0.516392874,0.117198498,0.021445568,0.183803577,0.066831886,0.927799395,0.916559692,0.916179337,0.941301273,1
0.007585478,0.087430769,0.074670701,0.008495211,0.074210022,0.096636804,0.774647887,0.414462081,0.536997886,0.16875,0.551027047,0.13290912,0.046247707,0.199937882,0.064779197,0.927799395,0.902652974,0.86398094,0.818481848,0.903444093
0.007547739,0.107692308,0.103684585,0.007521238,0.105170763,0.099427229,0.253521127,0.603174603,0.513742072,0.295833333,0.576673622,0.152309515,0.080303999,0.207424723,0.069054814,0.872676178,0.879974326,0.925276153,0.928807166,0.900962527
0.025096234,0.080661538,0.049839801,0.022130837,0.107532716,0.057717727,0.64084507,0.497354497,0.88372093,0.560416667,0.575436347,0.148381237,0.088962734,0.211298918,0.070367618,0.838089062,0.879546427,0.91184752,0.913719943,0.982022577
0.168956148,0.073138462,0.044054824,0.171365186,0.053271625,0.049346453,0.704225352,0.456790123,0.238900634,0.602083333,0.56482491,0.163288253,0.101726506,0.207065093,0.074253649,0.879377432,0.880616175,0.913580247,0.919849128,0.995353473
0.004792815,0.167076923,0.13999644,0.006926032,0.06176189,0.150389191,0.147887324,0.603174603,0.515856237,0.660416667,0.574007151,0.178358982,0.101726506,0.20261876,0.059403574,0.807609166,0.893239196,0.923110245,0.935407826,0.730017592
0.140032528,0.135152071,0.106532574,0.089994442,0.140396241,0.071082391,0.521126761,0.395061728,0.501057082,0.704166667,0.572392841,0.193960739,0.105175324,0.200591755,0.049300547,0.889969736,0.925759521,0.957981373,0.969825554,0.86383936
0.015774775,0.1626,0.070576718,0.003408906,0.229173316,0.043178147,0.849765258,0.46031746,0.285412262,0.566666667,0.215664256,0.0249068,0.023527439,0.022068199,0.147462948,0.714007782,0.785194694,0.800519818,0.837340877,0.760427373
0.128424787,0.060615385,0.063456746,0.112548022,0.085541015,0.050521369,0.544600939,0.329805996,0.871035941,0.522916667,0.242029512,0.049719694,0.024999214,0.025353909,0.175784818,0.79766537,0.844886607,0.844704353,0.789721829,0.667126712
0.030870254,0.143169231,0.014862941,0.016557546,0.218736036,0.01718314,0.244131455,0.525573192,0.541226216,0.329166667,0.267974176,0.0561394,0.025003407,0.02734822,0.200525122,0.6692607,0.772785623,0.804201863,0.784535596,0.616828723
0.014453921,0.346307692,0.068262727,0.007737677,0.320778806,0.067998238,0.408450704,0.920634921,0.173361522,0.5125,0.275882392,0.051684248,0.017334242,0.037793834,0.243307481,0.646995244,0.832263586,0.814165042,0.77204149,0.557509693
0.063778398,0.049430769,0.023584906,0.018234944,0.075327162,0.033925687,0.448356808,0.437389771,0.568710359,0.491666667,0.265668408,0.06007682,0.017839509,0.03991892,0.235119642,0.819498487,0.854728284,0.847953216,0.860443187,0.661173627
0.006113669,0.320569231,0.054645781,0.001839727,0.310181934,0.080775444,0.138497653,0.664902998,0.589852008,0.191666667,0.282862311,0.068407896,0.021330258,0.047830778,0.279149329,0.774102897,0.786050492,0.769763916,0.719707685,0.348021324
0.265416258,0.002707692,0.02242791,0.286456361,0.003989786,0.031282127,0.516431925,0.742504409,0.530655391,0.933333333,0.308028404,0.077194376,0.027192201,0.058407166,0.28584103,0.752485949,0.80851519,0.854450942,0.857378595,0.480320263
0.09502604,0.001030769,0.032306871,0.062496618,0,0.021295344,0.784037559,0.105820106,0.403805497,0.502083333,0.32093336,0.089762043,0.03785104,0.065861314,0.344658589,0.782749676,0.814505777,0.872427984,0.859264498,0.67557474
0.005358895,0,0.023851905,0.000757535,0,0.03040094,0.384976526,0.569664903,0.701902748,0.71875,0.338954836,0.100316124,0.061005294,0.069555694,0.350243736,0.837872892,0.872700043,0.863114577,0.833333333,0.693008136
0.125254736,0.003676923,0.075827697,0.108976787,0.004308969,0.077691291,0.957746479,0.615520282,0.283298097,0.710416667,0.352366135,0.109049418,0,0.077500245,0.353563396,0.832468655,0.880402225,0.871128438,0.868694012,0.806799002
0.003736131,0.278676923,0.016731933,0.000811644,0.402904564,0.025554413,0.723004695,0.386243386,0.505285412,0.089583333,0.373540009,0.117213457,0.013864458,0.077156962,0.354017803,0.880890618,0.82605905,0.766081871,0.70815653,0.374761152
0.000981206,0.219923077,0.036667853,5.41E-05,0.296297478,0.060508151,0.187793427,0.594356261,0.579281184,0.204166667,0.395825932,0.124164192,0.023579852,0.07803969,0.340056277,0.840034587,0.814719726,0.816764133,0.730080151,0.549523196
0.034568647,0.061692308,0.030348879,0.030030842,0.015512289,0.012336613,0.647887324,0.463844797,0.752642706,0.597916667,0.37777315,0.070528685,0.034624456,0.071451924,0.324770816,0.807176827,0.826486949,0.878059346,0.884252711,0.701344684
0.040946487,0.119630769,0.047703809,0.03760619,0.059431854,0.047730944,0.424882629,0.442680776,0.078224101,0.514583333,0.364461214,0.074408764,0.042499083,0.067218099,0.283907311,0.714656291,0.797175866,0.845570717,0.905469118,0.736820161
0,0.179615385,0.045923816,0.000216439,0.077784871,0.05551476,0.291079812,0.529100529,0.268498943,0.514583333,0.367319605,0.076783847,0.04433985,0.066482493,0.261594157,0.74773022,0.811082585,0.832575265,0.850777935,0.621256747
0.163557156,0.002153846,0.021092916,0.178468686,0.003511012,0.010867969,0.328638498,0.453262787,0.338266385,0.6375,0.36215,0.085939305,0.046404948,0.058129271,0.246957797,0.740380458,0.78690629,0.863547758,0.904761905,0.825400718
0.269001434,0.042553846,0.705411178,0.416157134,0.040217044,0.21941548,0.906103286,0.340388007,0.617336152,0.64375,0.332211755,0.617633127,0.704223492,0.56659692,0.94642711,0.370298314,0.628155755,0.696556205,0.557520038,0.616271318
0.196165748,0.0548,0.146582414,0.384557113,0.022981168,0.122044353,0.340375587,0.462081129,0.617336152,0.81875,0.369832267,0.654815902,0.709076996,0.593847059,0.961113494,0.211629918,0.628797604,0.718215291,0.677039132,0.671302789
0.1367273,0.157846154,0.398095408,0.597045614,0.211330993,0.341019239,0.279342723,0.335097002,0.598308668,0.183333333,0.385210412,0.684396415,0.714989255,0.630120639,1,0.342412451,0.59114249,0.688542344,0.608675153,0.625941178
0.236923541,0.081661538,0.264061944,0.343217358,0.089690393,0.115141724,0.307511737,0.922398589,0.498942918,0.758333333,0.386737609,0.714522083,0.718893024,0.647317488,0.992365438,0.36381323,0.628583654,0.724713017,0.652050919,0.634647843
0.044229753,0.039384615,0.226682093,0.125480223,0.027928503,0.083859598,0.363849765,0.384479718,0.655391121,0.652083333,0.408149682,0.75044003,0.723232874,0.608068787,0.927078798,0.28945093,0.633932392,0.727745289,0.682932579,0.718847197
0.2856442,0.180723077,0.151210395,0.638710027,0.260038302,0.125422235,0.302816901,0.611992945,0.610993658,0.358333333,0.424230174,0.811160068,0.731501651,0.602396443,0.902832842,0.274102897,0.580017116,0.716265974,0.657001414,0.69901919
0.581364631,0.090076923,0.062655749,0.568205184,0.105872965,0.010867969,0.478873239,0.784832451,0.355179704,0.789583333,0.440068384,0.856726274,0.743741286,0.606417759,0.932693409,0.398400346,0.562901155,0.707169157,0.740924092,0.677541265
0.212657559,0.199215385,0.090779637,0.223851523,0.064251516,0.024526362,0.051643192,0.174603175,0.192389006,0.63125,0.456828084,0.895724849,0.750362178,0.603671494,0.917476666,0.325767402,0.552631579,0.753519601,0.752946723,0.727313063
0.127632274,0.103584615,0.186721253,0.30826254,0.056303862,0.06873256,0.690140845,0.536155203,0.082452431,0.608333333,0.471252071,0.922452436,0.765295875,0.60795436,0.916618923,0.332468655,0.539580659,0.690708252,0.710749646,0.728184844
0.338251944,0.0318,0.094606622,0.286131703,0,0.014980173,0.661971831,0.465608466,0.43551797,0.552083333,0.496642751,0.949042072,0.696302741,0.602069507,0.918818935,0.405750108,0.637355584,0.688975525,0.693305045,0.666850239
0.023284776,0.105923077,0.046635813,0.181429576,0.073635493,0.055221031,0.340375587,0.444444444,0.467230444,0.195833333,0.519169597,0.979089623,0.732556214,0.594582666,0.874429127,0.284479032,0.499358151,0.658219623,0.696605375,0.652939642
0.0886482,0.135876923,0.18004628,0.358097506,0.129173316,0.208400646,0.462441315,0.455026455,0.67230444,0.154166667,0.534852636,1,0.745655433,0.587095825,0.862666269,0.262213575,0.539580659,0.700888023,0.706742103,0.671142256
0.038267039,0.032553846,0.180847277,0.122504193,0.027226301,0.113232486,0.833333333,0.522045855,0.754756871,0.385416667,0.55057651,0.704534764,0.786900781,0.575587668,0.850834662,0.377215737,0.6521181,0.699805068,0.681046676,0.690379414
0.023813118,0.081692308,0.19740121,0.167415183,0.084711139,0.004846527,0.882629108,0.66313933,0.291754757,0.4375,0.542517208,0.733324968,0.793169453,0.548615425,0.815271089,0.358841332,0.568891742,0.735325969,0.706034889,0.738574872
0.012680202,0.003523077,0.087130651,0.309831719,0.003415257,0.080481715,0.495305164,0.645502646,0.591966173,0.495833333,0.533609917,0.755860008,0.802589234,0.516559323,0.781999195,0.29355815,0.60419341,0.674030756,0.688590288,0.732091138
0.262768225,0.043538462,0.09496262,0.369622856,0.036067667,0.054927302,0.488262911,0.488536155,0.033826638,0.372916667,0.521603312,0.777850724,0.810006814,0.475675941,0.749843675,0.292261133,0.492511767,0.630495993,0.683639793,0.72504554
0.040908748,0.079461538,0.690815237,0.013581516,0.100223428,0.604200323,0.960093897,0.361552028,0.746300211,0.483333333,0.356102461,0.566419241,0.639849049,0.30328244,0.21776509,0.473411154,0.651904151,0.735759151,0.689061763,0.235864769
0.022756434,0.127076923,0.149074404,0.02315892,0.082125758,0.156410633,0.284037559,0.447971781,0.583509514,0.552083333,0.362476673,0.595636594,0.658296556,0.325366986,0.240940505,0.427583225,0.615104835,0.719081655,0.678925035,0.248892436
0.043965582,0.206876923,0.378159487,0.035008928,0.276827322,0.418563666,0.138497653,0.365079365,0.520084567,0.172916667,0.379146539,0.621278855,0.662915247,0.327819008,0.239850321,0.38002594,0.672229354,0.74550574,0.644035832,0.328813151
0.183787456,0.199615385,0.273762905,0.14609599,0.264602617,0.246291673,0.305164319,1,0.300211416,0.335416667,0.393204379,0.649430828,0.664852456,0.339229084,0.247553633,0.456982274,0.630723149,0.698722114,0.653936822,0.389978306
0.018982565,0.0968,0.394535422,0.014663709,0.153207788,0.458657659,0.558685446,0.492063492,0.807610994,0.585416667,0.390795164,0.681911635,0.660705488,0.340095465,0.256789097,0.556852572,0.658322636,0.734243015,0.696841113,0.439018789
0.043663673,0.237523077,0.660644357,0.025539744,0.339259496,0.650756352,0.35915493,0.641975309,0.581395349,0.379166667,0.417331923,0.709812636,0.65938676,0.346258214,0.264682292,0.396238651,0.583226359,0.656703487,0.619519095,0.397902374
0.105932523,0.091630769,0.205322179,0.025647963,0.137950846,0.117050962,0.462441315,0.75308642,0.200845666,0.75,0.432386117,0.733927464,0.658351067,0.357194233,0.263700144,0.485300476,0.605049208,0.669265757,0.71805752,0.417242094
0.084195034,0.131646154,0.227127091,0.046804827,0.118799872,0.085328242,0.284037559,0.183421517,0.154334038,0.59375,0.442420431,0.750372717,0.66854028,0.362784843,0.280612729,0.478599222,0.624946513,0.729261425,0.734323432,0.499751397
0.133632727,0.0662,0.234425062,0.135003517,0.067890201,0.179908944,0.598591549,0.497354497,0.522198732,0.835416667,0.450373565,0.767377253,0.669894649,0.367770622,0.290944924,0.495028102,0.662601626,0.741173922,0.719707685,0.500110366
0.115895539,0.038507692,0.339088644,0.105946648,0.044334504,0.232927008,0.697183099,0.439153439,0.418604651,0.64375,0.464715883,0.7847383,0.616633995,0.370565927,0.320622158,0.547773454,0.690415062,0.747888239,0.74563885,0.505140388
0.016680504,0.158138462,0.221520114,0.007575348,0.1891797,0.232486415,0.298122066,0.458553792,0.54756871,0.166666667,0.480172974,0.799708475,0.628204833,0.378036421,0.326881713,0.482922611,0.574668378,0.643491445,0.68387553,0.44997291
0.104913578,0.171184615,0.303933784,0.126778854,0.1701564,0.243060655,0.335680751,0.502645503,0.727272727,0.264583333,0.495464005,0.813000799,0.637379318,0.377840259,0.327094512,0.472114137,0.673727,0.697205978,0.694483734,0.412559893
0.358253453,0.033338462,0.228106088,0.200313836,0.006639004,0.227786753,0.762910798,0.53968254,0.670190275,0.808333333,0.501141315,0.505449895,0.639404581,0.371791938,0.328571008,0.51642888,0.708172871,0.742906649,0.7621405,0.480010345
0.020341158,0.056523077,0.188946244,0.011417131,0.04663262,0.166103686,0.784037559,0.631393298,0.283298097,0.40625,0.480441118,0.520292921,0.642974999,0.355788407,0.294739289,0.499351492,0.634146341,0.735325969,0.7378595,0.535271467
0.03909729,0.006769231,0.119615522,0.031600022,0.011522502,0.138052577,0.765258216,0.467372134,0.249471459,0.7,0.465969491,0.53073232,0.646677499,0.340095465,0.234936308,0.467790748,0.716516902,0.770413689,0.750117869,0.513697668
0.182478733,0.020153846,0.098522606,0.143303771,0.027768912,0.050521369,0.284037559,0.456790123,0.160676533,0.35625,0.461948688,0.541080306,0.644545312,0.315362736,0.213257031,0.481193256,0.629439452,0.719731427,0.718528996,0.554368159
0.309344101,0.065230769,0.631541474,0.196363833,0.088732844,0.292847702,0.868544601,0.363315697,0.420718816,0.702083333,0.327440964,0.515351617,0.717278683,0.635580475,0.208084386,0.369001297,0.736628156,0.811565952,0.659594531,0.222074572
0.413540645,0.065230769,0.112762549,0.352145447,0.045323971,0.07005434,0.34741784,0.386243386,0.433403805,0.83125,0.33946118,0.549682297,0.72462498,0.676414817,0.230333308,0.356463467,0.755027813,0.823911631,0.762611975,0.408506445
0.118725942,0.130461538,0.282306871,0.060927439,0.101723588,0.163313262,0.356807512,0.500881834,0.583509514,0.383333333,0.37258585,0.580837612,0.736088894,0.712851865,0.263029009,0.38824038,0.759734703,0.807450726,0.716407355,0.5040122
0.340327572,0.116092308,0.133232467,0.28072074,0.094158953,0.085328242,0.394366197,0.920634921,0.285412262,0.633333333,0.385245801,0.614874938,0.7438545,0.760666296,0.289890752,0.567661046,0.735558408,0.810699588,0.789250354,0.524475649
0.026228395,0.089846154,0.147294411,0.027271252,0.120012767,0.133793509,0.255868545,0.477954145,0.454545455,0.577083333,0.400180215,0.673924606,0.750848577,0.812976101,0.303369094,0.347816688,0.794180573,0.81113277,0.793493635,0.531962712
0.036153672,0.242953846,1,0.016719874,0.091892755,1,0.291079812,0.578483245,0.583509514,0.416666667,0.420659907,0.706215938,0.760037738,0.857096152,0.33813058,0.426718547,0.740265297,0.819579814,0.800565771,0.513499232
0.424786776,0.007753846,0.084816661,0.239597424,0.007979572,0.10442062,0.469483568,0.624338624,0.391120507,0.870833333,0.438169595,0.737633027,0.770086483,0.900382515,0.356545852,0.565067013,0.770860077,0.824344813,0.881188119,0.492654518
0.106838252,0.156984615,0.125400498,0.048752773,0.139818242,0.108239095,0.079812207,0.181657848,0.052854123,0.564583333,0.460616133,0.764217677,0.784653284,0.930722202,0.371726583,0.448551665,0.690629012,0.844054581,0.878123527,0.50600548
0.133783682,0.154076923,0.013260947,0.080298685,0.051962975,0.016448818,0.779342723,0.511463845,0.118393235,0.475,0.483250508,0.793880461,0.796224121,0.948245987,0.383358487,0.490488543,0.702610184,0.785141867,0.885667138,0.512790213
0.021548796,0.130476923,0.172125311,0.001136302,0.073635493,0.146276986,0.429577465,0.282186949,0.460887949,0.272916667,0.518490388,0.816919106,0.746636616,0.967764083,0.424690542,0.48335495,0.764869491,0.769547325,0.744224422,0.488879772
0.016642765,0.278353846,0.028835885,0.010713706,0.247462496,0.035834924,0.323943662,0.504409171,0.484143763,0.55625,0.543783067,0.844081321,0.774319409,0.983097394,0.410557434,0.522049287,0.633290543,0.698288932,0.790429043,0.416343558
0.018265529,0.16208088,0.131096476,0.008332882,0.14013524,0.077103833,0.460093897,0.520282187,0.938689218,0.116666667,0.568350259,0.863466758,0.79727449,1,0.405725267,0.579550367,0.687205819,0.818280269,0.85902876,0.472527742
0.076458601,0.026661538,0.119081524,0.066825388,0.023523779,0.055367895,0.767605634,0.400352734,0.811839323,0.547916667,0.571147399,0.709300722,0.804042141,0.998267238,0.409483619,0.517942067,0.794180573,0.809400043,0.736680811,0.42834337
0.347535663,0.033707692,0.078497686,0.258698122,0.047366741,0.025407549,0.941314554,0.641975309,0.498942918,0.545833333,0.542356594,0.724538487,0.810480633,0.984650342,0.390328463,0.643968872,0.718870347,0.792939138,0.843234323,0.464692859
0.085138501,0.000661538,0.083481666,0.065634976,0.001244813,0.080041122,0.657276995,0.797178131,0.549682875,0.420833333,0.531470207,0.73834522,0.813638031,0.961911923,0.375727199,0.5,0.775994865,0.782109595,0.709570957,0.592496884
0.185950671,0.124153846,0.062922748,0.141284865,0.103096074,0.037303569,0.457746479,0.544973545,0.403805497,0.11875,0.515459132,0.751019258,0.822078725,0.919295779,0.368930736,0.443363597,0.664527172,0.753519601,0.802687412,0.572896298
0.307117518,0.076307692,0.095852617,0.266814566,0.082030003,0.141577324,0.471830986,0.366843034,0.526427061,0.579166667,0.046704751,0.036885266,0.139034541,0.290270376,0.055746711,0.794422827,0.781557552,0.811999134,0.787835926,0.371933994
0.338214205,0.118615385,0.11739053,0.301498837,0.121321417,0.096343075,0.241784038,0.513227513,0.230443975,0.639583333,0.051076729,0.061297603,0.137690655,0.296661981,0.054185096,0.792261133,0.802952503,0.817630496,0.825082508,0.370134691
0.103215337,0.167553846,0.214222143,0.087062388,0.27612512,0.119107064,0.399061033,0.49382716,0.272727273,0.366666667,0.056837068,0.078398539,0.136021804,0.307532612,0.058139877,0.764159101,0.822421908,0.818930041,0.754832626,0.306737687
0.507132614,0.127784615,0.08499466,0.352145447,0.10596872,0.018064327,0.319248826,0.758377425,0.293868922,0.54375,0.058554825,0.102326385,0.144156402,0.319661948,0.066622361,0.853004756,0.848309799,0.852718215,0.863507779,0.302644106
0.443693864,0.003076923,0.296012816,0.502678426,0.004532397,0.302981348,0.105633803,0.428571429,0.247357294,0.691666667,0.064501639,0.122762244,0.193370722,0.365040704,0.068959873,0.763078253,0.840393667,0.831059129,0.859735974,0.327985962
0.312551891,0.091061538,0.141954432,0.172772036,0.047685924,0.031135262,0.600938967,0.559082892,0.634249471,0.2375,0.07106505,0.1443898,0.197549138,0.385637689,0.076047706,0.815607436,0.806161746,0.824561404,0.809759547,0.327689423
0.752773794,0.031446154,0.0249199,0.398896164,0.031407597,0.029960347,0.370892019,0.650793651,0.456659619,0.86875,0.075974677,0.170464197,0.203771686,0.402818191,0.084127509,0.808473843,0.827770646,0.831925493,0.898868458,0.349938797
0.334704506,0.185446154,0.138127447,0.1360316,0.130258538,0.054780438,0.394366197,0,0.34038055,0.314583333,0.080172429,0.18710391,0.219686566,0.409553078,0.088304911,0.799394725,0.799101412,0.833441629,0.900518623,0.375088906
0.236621632,0.144492308,0.029280883,0.178886424,0.122215129,0.034660009,0.518779343,0.546737213,0.410147992,0.45,0.088367845,0.209619006,0.239230568,0.409553078,0.088304911,0.844357977,0.83910997,0.822612086,0.867751061,0.31651011
0.170390218,0.286446154,0.05758277,0.084248688,0.235716566,0.023645176,0.727699531,0.342151675,0.541226216,0.508333333,0.086986289,0.229471482,0.290071807,0.404714421,0.092449575,0.865758755,0.824133504,0.785575049,0.838283828,0.307384277
0.10921579,0.097461538,0.038714845,0.069584979,0.057165656,0.002202967,0.072769953,0.525573192,0.287526427,0.635416667,0.099548238,0.247076852,0.303470832,0.398731487,0.101865099,0.848897536,0.846812152,0.826943903,0.880480905,0.273944442
0.328137973,0.018107692,0.040227839,0.220821384,0.018736036,0.035247467,0.741784038,0.604938272,0.839323467,0.38125,0.108778119,0.26163816,0.312659993,0.375192075,0.108854717,0.882619974,0.865639709,0.816330951,0.847006129,0.333769596
0.704204091,0.0526,0.028123888,0.66424977,0.050398979,0.027463651,0.772300469,0.435626102,1,0.75625,0.106573075,0.238338572,0.314005975,0.365531108,0.095710306,0.899913532,0.829268293,0.810266407,0.817538897,0.254165487
0.259830931,0.096415385,0.031772873,0.214328229,0.090233004,0.034660009,0.924882629,0.712522046,0.602536998,0.66875,0.106225984,0.250582968,0.316857278,0.349135254,0.091028734,0.927583225,0.844030809,0.824994585,0.909948138,0.255512177
0.053928598,0.079246154,0.012370951,0.029381527,0.08078519,0.015420767,0.568075117,0.677248677,0.363636364,0.364583333,0.104377558,0.258022348,0.319526181,0.312992448,0.08342691,0.85516645,0.841249465,0.797270955,0.810938237,0.177680616
0.19665091,0.177384615,0.036222855,0.103453063,0.129269071,0.012336613,0.659624413,0.631393298,0.427061311,0.025,0.097072327,0.265594693,0.32730227,0.277143885,0.067866415,0.873108517,0.838040223,0.787091185,0.821782178,0.196224362
0.23579138,0.033384615,0.123175507,0.230020021,0.022342802,0.090174769,0.129107981,0.525573192,0.501057082,0.59375,0.035674084,0.133310508,0.267401855,0.161555563,0.067591413,0.86359706,0.770432178,0.78579164,0.858793022,0.276017989
0.185221526,0.129292308,0.085172659,0.160489151,0.171018193,0.040387722,0.363849765,0.708994709,0.549682875,0.1,0.03578978,0.155410919,0.268896693,0.172491581,0.069519697,0.864029399,0.7610184,0.766948235,0.848656294,0.332144203
0.352705865,0.050153846,0.212175151,0.334830366,0.062719438,0.079013071,0.441314554,0.634920635,0.513742072,0.514583333,0.024737334,0.17596146,0.270204937,0.180419786,0.083819769,0.870082144,0.783483098,0.79597141,0.852663838,0.393978243
0.188618009,0.193846154,0.060252759,0.18673232,0.302266199,0.065942135,0.450704225,0.566137566,0.21141649,0.633333333,0.028190543,0.19651117,0.270204937,0.188364338,0.098119842,0.894725465,0.777064613,0.777561187,0.908533711,0.432017783
0.249830176,0.074769231,0.112317551,0.150100103,0.051196936,0.077103833,0,0.552028219,0.21987315,0.547916667,0.031269439,0.224492781,0.272787882,0.194576127,0.102778496,0.864894077,0.785194694,0.79098982,0.899339934,0.438650902
0.208808212,0.115861538,0.11009256,0.089930199,0.097286945,0.04361874,0.654929577,0.395061728,0.389006342,0.279166667,0.037096473,0.252020649,0.275242937,0.208013208,0.10895948,0.897319498,0.795892169,0.787740957,0.846534653,0.518899371
0.858479885,0.054169231,0.064257743,0.585574374,0.069613789,0.063004847,0.35915493,0.398589065,0.854122622,0.60625,0.038853703,0.276880912,0.279083809,0.216137575,0.114917843,0.891915262,0.79546427,0.775395278,0.916784536,0.538965947
0.188127406,0.183184615,0.014061944,0.121367891,0.150079796,0.013364664,0.546948357,0.074074074,0.177589852,0,0.043865416,0.300486319,0.283991823,0.225814889,0.116738091,0.878945093,0.777064613,0.76586528,0.883781235,0.538979325
0.283795003,0,0.294232823,0.290785131,0,0.075488324,0.488262911,0.69664903,0.581395349,0.585416667,0.046228353,0.321565395,0.27421563,0.23663648,0.135749199,0.949848681,0.810012837,0.823045267,0.911362565,0.542321525
0.16714469,0.319369231,0.156194375,0.085601428,0.362144909,0.146570715,0.744131455,0.373897707,0.43551797,0.433333333,0.046821809,0.341904854,0.351477541,0.235132573,0.145147699,0.920233463,0.792468977,0.716482564,0.896039604,0.453009652
0.391312552,0.114605508,0.014328943,0.331962556,0.119535009,0.012777207,0.41314554,0.523809524,0.456659619,0.735416667,0.047306375,0.361692509,0.355125531,0.234495047,0.146912946,0.914396887,0.833761232,0.832358674,0.939886846,0.471410703
0.28243641,0.114733253,0.005784977,0.22141659,0.123356141,0.010427376,0.535211268,0.324514991,0.515856237,0.670833333,0.047978777,0.380138051,0.357561717,0.232435348,0.150327546,0.948335495,0.82605905,0.844271172,0.985384253,0.463415287
0.429579591,0.001784615,0.035599858,0.260267302,0.001532078,0.029813482,0.960093897,0.649029982,0.739957717,0.745833333,0.048471509,0.397047849,0.361555637,0.23227188,0.152586486,0.961521833,0.829696192,0.822178904,0.947901933,0.458514583
0.372028078,0.034153846,0.000177999,0.266111141,0.019310565,0.001762373,0.666666667,0.705467372,0.651162791,0.5875,0.047837219,0.41011912,0.364385974,0.230342956,0.154320697,0.963899697,0.832691485,0.833441629,0.959453088,0.468679419
0.02403955,0.052753846,0.028479886,0.018451383,0.055186722,0.025701278,0.338028169,0.366843034,0.038054968,0.627083333,0.046937506,0.417078165,0.368187012,0.22601105,0.15493801,0.947254648,0.826273,0.821529131,0.954502593,0.513664224
0.185558746,0.054923077,0.00507298,0.134325174,0.045323971,0.003524747,0.800469484,0.746031746,0.640591966,0.377083333,0.050667026,0.42815164,0.370725929,0.203779383,0.149682603,0.932338954,0.843816859,0.816547542,0.892975012,0.525249327
0.114838856,0.072784615,0.106977572,0.072019912,0.105330354,0.094580702,0.143192488,0.382716049,0.304439746,0.46875,0,0.0120865,0.09093768,0.031353189,0.015573591,0.810851708,0.697475396,0.724929608,0.891796322,0
0.207977961,0.008753846,0.057671769,0.081759645,0.009000958,0.035834924,0.241784038,0.641975309,0.482029598,0.39375,0.000292645,0.038352034,0.088805493,0.040932422,0.022717079,0.827064419,0.698331194,0.752220056,0.897454031,0.09876323
0.170314741,0.035169231,0.213599146,0.151290515,0.01324609,0.0991335,0.514084507,0.486772487,0.621564482,0.429166667,5.31E-05,0.067922575,0.089853766,0.046147056,0.009111058,0.85538262,0.744972187,0.758934373,0.879537954,0.175290464
0.045814778,0.156769231,0.067194731,0.042097289,0.150015959,0.030694669,0.420187793,0.476190476,0.175475687,0.414583333,3.40E-05,0.098606695,0.090589654,0.046261484,0,0.869433636,0.728712024,0.770630279,0.946958982,0.071307694
0.304853196,0.019692308,0.059540762,0.137167902,0.014586658,0.016448818,0.093896714,0.432098765,0.365750529,0.39375,0.000216421,0.135181156,0.090849625,0.046784582,0.011700654,0.834414181,0.720581943,0.739441196,0.921970769,0.078143708
0.176466148,0.095584615,0.103951584,0.159298739,0.083306735,0.067998238,0.497652582,0.439153439,0.154334038,0.360416667,0.000909241,0.169461144,0.090694481,0.051345343,0.01849057,0.8512754,0.739409499,0.794455274,0.916077322,0.136771555
0.682579817,0,0.101815593,0.496131162,0,0.021735938,0.436619718,0.716049383,0.862579281,0.675,0.001325749,0.206530899,0.09320195,0.05438585,0.02429179,0.878728923,0.741762944,0.738791423,0.954738331,0.074984337
0.167257906,0.079753846,0.003470986,0.1259131,0.044653687,0,0.511737089,0.054673721,0.22832981,0.170833333,0.001354333,0.239359076,0.096405472,0.059535097,0.03155641,0.865326416,0.740479247,0.748971193,0.938472419,0.160202628
0.12774549,0,0.070131719,0.147881608,0,0.05419298,0.453051643,0.749559083,0.619450317,0.6875,0.001495891,0.27257119,0.104663766,0.06033609,0.039953774,0.898184176,0.753316217,0.793588911,0.955209807,0.161939502
0.108536493,0.088630769,0.017087932,0.086629511,0.106670922,0.027169922,0.84741784,0.382716049,0.45243129,0.047916667,0.001587088,0.05770423,0.123226584,0.060859189,0.043640102,0.917639429,0.7610184,0.766515053,0.918906176,0.162463462
0.14223715,0.127036668,0.033018868,0.141496672,0.149993603,0.040093993,0.476525822,0.57319224,0.545454545,0.708333333,0.001883816,0.066368549,0.124478222,0.062967928,0.049274356,0.868568958,0.762729996,0.789040502,0.955209807,0.135085963
0.149067854,0.126208476,0.009522962,0.157837779,0.148699084,0.015714496,0.338028169,0.479717813,0.640591966,0.83125,0.00237927,0.078204909,0.129950207,0.064128551,0.052073478,0.916342412,0.804878049,0.829542993,1,0.12578399
0.155634388,0.005430769,0.026610894,0.14176722,0.009639323,0.012336613,1,0.64021164,0.805496829,0.810416667,0.002893781,0.073285211,0.131870643,0.061496714,0.04807941,0.9051016,0.78712024,0.803985272,0.960160302,0.211325576
0.144501472,0.006338462,0,0.1461501,0.00858602,0.004405933,0.678403756,0.580246914,0.530655391,0.566666667,0.002897864,0.082258673,0.132413649,0.050053944,0.050541327,0.918936446,0.793324775,0.816980723,0.971004243,0.217731273
0.047475281,0.047646154,0.01254895,0.056977436,0.061410788,0.020267293,0.44600939,0.396825397,0.183932347,0.583333333,0.00280939,0.088272837,0.130862205,0.030813744,0.046314818,0.929312581,0.767864784,0.792289365,0.961103253,0.251681691
0.190714976,0.075846154,0.028212887,0.128743299,0.105330354,0.018211191,0.781690141,0.80952381,0.501057082,0.489583333,0.0043747,0.095643242,0.131725981,0.018341125,0.0456666,0.894293126,0.787762088,0.780593459,0.900518623,0.204117216
0.070873273,0.332461538,0.185742257,0.086358963,0.409830833,0.169481569,0.654929577,0.389770723,0.279069767,0.510416667,0.226117801,0.0376066,0.257476807,0,0.006721165,0.01664505,0.033804022,0.062378168,0.065770863,0.516168087
0.104385237,0.212615385,0.083748665,0.103944592,0.234727099,0.112498164,0.316901408,0.375661376,0.524312896,0.36875,0.243839827,0.05004795,0.271366424,0.020221009,0.007317001,0.07025508,0.061189559,0.072124756,0.025223951,0.571159424
0.072080912,0.289030769,0.206212175,0.079865808,0.44104692,0.202379204,0.072769953,0.42680776,0.399577167,0.289583333,0.25892941,0.061984865,0.28336286,0.039493903,0.008867158,0.012970169,0.046213094,0.079488846,0.057755776,0.569233033
0.020718545,0.489784615,0.120861517,0.020020562,0.736354931,0.105889264,0.234741784,0.908289242,0.169133192,0.25625,0.280363261,0.073920949,0.295357199,0.05875045,0.010417315,0,0,0.008447044,0.031588873,0.518011982
0.162200921,0.255076923,0.283730865,0.084898003,0.299393553,0.296813042,0.450704225,0.55026455,0.585623679,0.508333333,0.32497322,0.121303786,0.306812726,0.0813254,0.035969527,0.121703415,0.089216945,0.09573316,0.103253182,0.593542576
0.167974942,0.598476923,0.123353507,0.085980196,0.613661028,0.192392422,0.417840376,0.48324515,0.342494715,0.2125,0.346533656,0.130627943,0.323268515,0.109638082,0.042772538,0.039991353,0.005776637,0,0.036067893,0.550796309
0.079779606,0.220630769,0.233624066,0.045993182,0.338014682,0.127625202,0.300469484,0.731922399,0.509513742,0.58125,0.366869068,0.142423583,0.33956916,0.119151927,0.073618527,0.118460873,0.035515618,0.020359541,0,0.607185618
0.145558155,0.174030769,0.303577786,0.118013095,0.154356846,0.267293288,0.647887324,0.091710758,0.093023256,0.339583333,0.400493277,0.153984872,0.348980555,0.118661523,0.073951672,0.039991353,0.076379974,0.097032705,0.052098067,0.656168131
0.362782097,0.069784615,0.211997152,0.414804394,0.060229812,0.279776766,0.617370892,0.564373898,0.742071882,0.75625,0.430182433,0.162948361,0.3600608,0.138441168,0.102022242,0.141807177,0.15661104,0.162009963,0.098538425,0.670506815
0.205638161,0.089630769,0.413225347,0.158054218,0.055059049,0.470700543,0.840375587,0.407407407,0.602536998,0.764583333,0.479079979,0.175414642,0.324947848,0.160313205,0.139959339,0.149373109,0.141206675,0.131687243,0.109382367,0.767372639
0.027775681,0.202092308,0.386347455,0.031491802,0.23619534,0.492877074,0.335680751,0.435626102,0.678646934,0.458333333,0.519162791,0.192199786,0.336294355,0.193415503,0.168072895,0.167963684,0.110183997,0.063677713,0.0330033,0.712535144
0.068307042,0.334107692,0.263616946,0.070829501,0.4298436,0.322661184,0.394366197,0.447971781,0.731501057,0.283333333,0.534105371,0.20654004,0.352022643,0.204335175,0.186444068,0.113705145,0.092426187,0.085120208,0.082743989,0.756240148
0.095101517,0.426230769,0.367924528,0.032141118,0.624928184,0.138933764,0.85915493,0.566137566,0.739957717,0.639583333,0.521207221,0.167147556,0.361379527,0.21298264,0.188442248,0.091439689,0.070175439,0.063677713,0.109146629,0.741553644
0.078421013,0.498276923,0.221876112,0.08111033,0.626811363,0.200469966,0.894366197,0.705467372,0.188160677,0.491666667,0.503890815,0.179817439,0.370457571,0.213636512,0.184104723,0.059230437,0.042148053,0.101797704,0.127534182,0.75306071
0.248962186,0.219538462,0.17746529,0.249553596,0.301372486,0.204288442,0.563380282,0.582010582,0.287526427,1,0.507402553,0.194785121,0.375004979,0.193415503,0.183000985,0.072200605,0.155969191,0.199696773,0.187411598,0.863393436
0.168667169,0.058461538,0.438501246,0.165196584,0.048834982,0.358936701,0.286384977,0.569664903,0.600422833,0.575,0.512052202,0.211635085,0.375564757,0.186500801,0.183736942,0.110030264,0.11724433,0.149014512,0.134606318,0.862055665
